"region","aegypti","LC10","logpop","MIR.max","nhps_combined","temp_suit_mean"
"AGO.1_1",0,0.353161449,5.6370916,1.0476,5,37.02808011
"AGO.10_1",0,0.458947607,6.477614745,0.945,2,7.918125128
"AGO.11_1",0,0.830887431,6.916207865,0.7389,4,35.95750082
"AGO.12_1",0,0.008309033,6.021931533,1.0613,7,24.19670234
"AGO.13_1",0,0.042666523,5.810364882,1.0977,4,19.84164094
"AGO.14_1",0,0.020540563,6.068084524,1.0778,5,16.14194103
"AGO.15_1",0,0.218824358,5.957572713,0.9332,4,7.831897539
"AGO.16_1",0,0.56919151,5.776394563,0.793,3,16.44290284
"AGO.17_1",0,0.016338015,6.248613006,1.0311,5,22.83752636
"AGO.18_1",0,0.148677826,5.846600986,0.9585,6,39.41879515
"AGO.2_1",0,0.569034768,6.425945769,1.0863,4,17.0616274
"AGO.3_1",0,0.170140741,6.242372994,0.9933,4,5.650091807
"AGO.4_1",0,0.031166788,5.927472137,0.673,3,36.55213412
"AGO.5_1",0,0.732702866,5.798883115,0.9594,3,10.41053198
"AGO.6_1",0,0.055774208,5.72591628,1.1263,6,23.80724048
"AGO.7_1",0,0.158178778,6.352435685,0.9511,5,14.5502681
"AGO.8_1",0,0.765412343,6.075258232,1.0924,2,16.77085076
"AGO.9_1",0,0.468436697,6.383505835,0.7486,2,4.768263572
"ARG.1_1",1,0.518666997,7.230943409,1.162,0,0
"ARG.10_1",1,0.099910494,5.88287062,0.7143,0,0
"ARG.11_1",0,0.622492933,5.542914842,0.8828,0,0
"ARG.12_1",1,0.155835414,5.577795548,0.8299,0,0
"ARG.13_1",0,0.468529957,6.287019342,0.9173,0,0
"ARG.14_1",1,0.001447963,6.098898414,1.0387,1,13.08705658
"ARG.15_1",1,0.293606301,5.806181054,0.8927,0,0
"ARG.16_1",0,0.360180544,5.857026421,0.9583,0,0
"ARG.17_1",1,0.099785882,6.159517894,1.2081,0,0
"ARG.18_1",0,0.168845098,5.88005156,0.8442,0,0
"ARG.19_1",0,0.549397619,5.69267877,0.877,0,0
"ARG.2_1",0,0.104837203,5.602836527,1.0471,0,0
"ARG.20_1",0,0.492292192,5.524588384,1.6,0,0
"ARG.21_1",1,0.346874359,6.543066278,1.4835,0,11.65669951
"ARG.22_1",1,0.305993866,5.984883511,1.2663,0,17.70566769
"ARG.23_1",0,0.301271726,5.195524991,1.394,0,0
"ARG.24_1",1,0.146395939,6.213086559,1.1348,0,0
"ARG.3_1",1,0.099900531,6.068486517,0.8074,0,23.4463828
"ARG.4_1",0,0.26432014,5.762714968,0.9012,0,0
"ARG.5_1",1,0.003311258,6.499385181,0.6243,0,1.471734058
"ARG.6_1",1,0.251476843,6.563189264,1.4291,0,2.43e-06
"ARG.7_1",0,0.15190547,6.040459995,1.3646,0,21.16392531
"ARG.8_1",1,0.316749407,6.130998501,1.594,0,10.35532562
"ARG.9_1",1,0.018105778,5.782143018,0.9533,1,26.67745426
"BDI.1_1",0,0.0109135,5.676006763,0.5889,5,28.48121891
"BDI.10_1",0,0.074060694,5.947390682,0.846,3,17.49387632
"BDI.11_1",0,0.088107928,5.775161365,0.7171,5,17.92553887
"BDI.12_1",0,0.076353093,5.611933885,0.5838,4,1.882465834
"BDI.13_1",0,0.057122371,5.940964126,0.6441,3,13.05837392
"BDI.14_1",0,0.188659794,5.568882622,0.6349,3,0
"BDI.15_1",0,0.034996957,5.963593011,0.5946,3,13.13906032
"BDI.16_1",0,0.282146161,5.662756725,0.5908,3,8.778838932
"BDI.17_1",0,0.211406844,5.746085147,0.5961,2,11.64851623
"BDI.2_1",0,0.03987069,5.83786625,0.5378,6,39.65604281
"BDI.3_1",0,0.024299835,5.889307402,0.6035,6,18.57370322
"BDI.4_1",0,0.102990033,5.901641864,0.6043,4,9.274521625
"BDI.5_1",0,0.150406504,5.50292091,0.6119,2,12.02704256
"BDI.6_1",0,0.002194185,5.809021359,0.6201,7,18.85355551
"BDI.7_1",0,0.349301172,5.997241711,0.6384,3,1.776266019
"BDI.8_1",0,0.120710415,5.77377519,0.6125,3,8.641152234
"BDI.9_1",0,0.056236482,5.913159774,0.5971,4,7.713673952
"BEN.1_1",0,0.527274455,5.99836336,1.0479,3,50.79814559
"BEN.10_1",0,0.043233083,6.097124434,0.6833,7,51.16870993
"BEN.11_1",0,0.434705418,5.87212617,0.7628,7,51.73435177
"BEN.12_1",0,0.090253749,5.989164348,0.5898,7,52.13208824
"BEN.2_1",0,0.341853649,5.950292041,0.8907,3,51.43812499
"BEN.3_1",0,0.02074115,6.197358431,0.7902,7,50.93844486
"BEN.4_1",0,0.165560829,6.145886847,1.0273,5,49.04014602
"BEN.5_1",0,0.239805941,5.919291593,0.6665,6,51.85185924
"BEN.6_1",0,0.052101035,5.795149476,0.8908,6,50.02715526
"BEN.7_1",0,0.000769494,5.931927055,0.5595,7,51.63062585
"BEN.8_1",0,0,5.903040091,0.3854,6,49.81077017
"BEN.9_1",0,0.07288865,5.734268896,0.8082,6,51.41242428
"BFA.1_1",0,0.983693681,6.295031587,0.8723,3,51.05456062
"BFA.10_1",0,0.874809896,6.208505199,0.695,3,51.25464213
"BFA.11_1",0,0.914246163,5.9746353,0.6119,4,51.26269494
"BFA.12_1",0,0.966178562,6.134162261,0.736,3,50.75168088
"BFA.13_1",1,0.649336965,5.929887509,0.9077,4,51.19245708
"BFA.2_1",0,0.996716932,5.896794889,0.8594,3,49.48071676
"BFA.3_1",0,0.978673999,6.199546984,0.8816,4,52.14629062
"BFA.4_1",0,0.993711358,6.21989251,0.6522,4,50.91925283
"BFA.5_1",0,0.918376364,6.211992816,0.8474,3,50.43228945
"BFA.6_1",0,0.951516143,5.942068284,0.6266,3,51.1191606
"BFA.7_1",0,0.929537522,6.423330206,0.5472,3,50.45304591
"BFA.8_1",1,0.962409217,6.23780363,0.8778,3,51.49037109
"BFA.9_1",1,0.909442243,6.320494956,0.8582,3,47.70014025
"BOL.1_1",0,0.394658895,5.81886688,0.6987,3,0
"BOL.2_1",1,0.438368134,6.302446264,1.1438,3,0
"BOL.3_1",1,0.101356583,5.701769919,1.0542,4,41.6376219
"BOL.4_1",1,0.280759644,6.490459503,0.9236,4,0
"BOL.5_1",0,0.200096549,5.751325123,0.9222,0,0
"BOL.6_1",1,0.008147751,5.087183164,0.7971,7,43.41523445
"BOL.7_1",0,0.201301905,5.966095426,0.7797,0,0
"BOL.8_1",1,0.038117378,6.477589742,0.9986,5,31.98505342
"BOL.9_1",1,0.172874378,5.677977189,0.8527,1,3.104553184
"BRA.1_1",1,0.025953922,5.886158427,1.0058,5,39.76077341
"BRA.10_1",1,0.083687775,6.857551826,1.0566,5,47.29886308
"BRA.11_1",1,0.506101673,6.430246656,1.1013,2,30.65996492
"BRA.12_1",1,0.236893371,6.525297853,1.1682,6,35.10833763
"BRA.13_1",1,0.413784647,7.335106207,0.9887,4,17.13563608
"BRA.14_1",1,0.032302279,6.921317645,1.0874,3,45.90889843
"BRA.15_1",1,0.787267034,6.616927653,1.023,1,37.38424962
"BRA.16_1",1,0.120712006,7.060617611,1.291,1,5.126094147
"BRA.17_1",1,0.647541866,6.9856196,0.8836,1,32.91527528
"BRA.18_1",1,0.162046068,6.534958052,0.9527,1,45.73129947
"BRA.19_1",1,0.261063838,7.243739544,0.9372,1,20.01304123
"BRA.2_1",1,0.509959826,6.532610845,0.8976,2,37.79361818
"BRA.20_1",1,0.837141649,6.543450407,0.9403,1,45.55655638
"BRA.21_1",1,0.180782253,7.070337654,0.7709,1,9.983187317
"BRA.22_1",1,0.066064343,6.23379063,1.0804,4,39.37503648
"BRA.23_1",1,0.169463432,5.696020602,0.9362,5,46.33702899
"BRA.24_1",1,0.011480869,6.833545676,0.9306,1,0.361657024
"BRA.25_1",1,0.381278217,7.656760683,1.1324,1,11.73104518
"BRA.26_1",1,0.565066529,6.357525871,0.7644,1,38.65890267
"BRA.27_1",1,0.249571904,6.183512523,1.188,3,45.34704456
"BRA.3_1",1,0.036177177,5.860423595,1.0142,3,48.21681444
"BRA.4_1",1,0.00554186,6.587550028,1.0145,11,46.14990035
"BRA.5_1",1,0.426125248,7.185663161,1.0206,2,29.78416098
"BRA.6_1",1,0.46520312,6.968548339,1.0194,1,45.41935397
"BRA.7_1",1,0.676719238,6.430814524,0.7404,1,16.49931782
"BRA.8_1",1,0.278841194,6.579688293,0.8229,3,28.8103719
"BRA.9_1",1,0.552794052,6.82103792,1.0182,1,31.98210818
"CAF.1_1",0,0.098631415,4.767301513,1.0222,6,46.76823082
"CAF.10_1",0,0.000172741,5.113205276,0.8067,4,31.56617861
"CAF.11_1",0,0.000368466,5.437001388,0.9396,5,37.43645365
"CAF.12_1",1,0.000655852,5.976748857,0.9644,7,42.06929402
"CAF.13_1",0,6.47e-05,5.521027134,0.9761,5,35.49058972
"CAF.14_1",0,0.00427899,5.67990638,0.7355,4,38.19874155
"CAF.15_1",0,0.001829376,5.619732699,0.8487,4,40.89525908
"CAF.16_1",0,0.009811599,5.122893601,0.5581,8,37.98278434
"CAF.17_1",0,0.779580222,4.751233548,0.7819,3,43.32793757
"CAF.2_1",1,0.081018519,5.474804486,0.4128,9,44.70281365
"CAF.3_1",1,0.001178887,5.472401689,0.8025,7,37.23365508
"CAF.4_1",0,0.000233631,4.74292236,0.9239,6,41.32655807
"CAF.5_1",0,1.97e-05,5.004984334,0.9622,5,36.28067429
"CAF.6_1",1,3.86e-05,5.155742441,0.9666,6,37.76418579
"CAF.7_1",0,0.000726108,5.503220175,0.8973,9,37.24099938
"CAF.8_1",0,0.001129594,5.6303163,0.7908,9,38.40051461
"CAF.9_1",0,0.001174656,5.301613661,0.986,7,38.97652008
"CIV.1_1",1,0.008228362,6.715281831,0.8224,6,47.67304628
"CIV.10_1",0,0.594372593,6.250778848,0.9294,4,47.77796736
"CIV.11_1",1,0.043513945,6.200078477,0.8639,7,50.05664297
"CIV.12_1",0,0.06333557,5.972541407,0.9225,4,44.81601095
"CIV.13_1",0,0.006521739,5.595772085,0.6331,8,47.60372965
"CIV.14_1",0,0.2522509,6.013399991,0.8802,8,49.78004091
"CIV.2_1",0,0.000951796,6.399361089,0.8756,9,47.00677774
"CIV.3_1",1,0.001035287,6.136432892,0.752,8,49.60303578
"CIV.4_1",0,0.040529791,5.51242385,0.793,3,42.14674646
"CIV.5_1",1,0.000864818,6.249755704,0.5622,7,48.14012222
"CIV.6_1",1,0.004929463,6.141972878,0.8962,11,50.36981801
"CIV.7_1",0,0.003027589,6.201375347,0.7227,8,49.39411078
"CIV.8_1",1,0.001074969,6.41869996,0.9137,11,42.63382534
"CIV.9_1",1,0.006665271,6.409582673,0.8686,8,46.83707654
"CMR.1_1",1,0.002481884,6.136172806,0.9606,7,30.05456355
"CMR.10_1",1,0.000352456,5.928098272,0.6175,10,36.71887457
"CMR.2_1",1,0.003320337,6.67415164,0.9403,13,41.34208301
"CMR.3_1",1,0.000727865,5.976550112,0.8961,10,35.02056271
"CMR.4_1",1,0.071739077,6.660745666,1.0284,3,50.81865822
"CMR.5_1",1,0.00391551,6.579750862,0.6639,13,45.87162107
"CMR.6_1",1,0.001363725,6.350012284,0.5648,7,30.98951928
"CMR.7_1",1,0.126387703,6.443606425,1.0604,4,45.05360452
"CMR.8_1",1,0.000766213,6.338692504,0.6732,6,31.52024464
"CMR.9_1",1,0.005201927,6.244337543,0.8675,8,42.51357388
"COD.1_1",0,0.000373171,6.148214393,0.9099,13,42.04391095
"COD.10_1",1,0.114144607,6.979926325,0.7917,6,31.91564626
"COD.11_1",0,0.093446045,6.753105603,1.1499,7,32.68237144
"COD.12_1",0,0.039211152,6.375892569,1.1118,7,23.08136751
"COD.13_1",0,0.104959985,6.772515366,1.0103,7,34.39976903
"COD.14_1",0,0.172723268,6.401876077,1.0187,4,34.98563119
"COD.15_1",0,0.005827582,6.202433085,1.0431,5,20.77959449
"COD.16_1",0,0.00831793,6.321579592,0.9692,12,41.02063828
"COD.17_1",0,0.016086791,6.395804365,1.0279,13,37.0845772
"COD.18_1",0,0.001201594,6.297403555,0.8905,15,43.69736495
"COD.19_1",0,0.039220541,6.865647248,1.0228,12,21.76443101
"COD.2_1",0,0.004085207,6.220444035,0.9413,14,44.42997034
"COD.20_1",0,0.003966505,6.134231888,1.0002,10,39.70309259
"COD.21_1",0,0.043908399,6.321163842,0.7673,11,38.88948124
"COD.22_1",0,0.029908363,6.735695055,0.8757,11,19.36317928
"COD.23_1",0,0.003396672,6.4398192,0.952,11,42.82254712
"COD.24_1",0,0.009067059,6.282428206,1.0356,9,28.81992334
"COD.25_1",0,0.000171581,6.463824792,0.9267,20,41.08585397
"COD.26_1",0,0,6.247151375,0.7964,6,41.16635837
"COD.3_1",0,0.016160571,6.459114948,1.0076,3,13.15257644
"COD.4_1",0,0.019092065,6.262438822,1.1207,5,28.9238849
"COD.5_1",0,0.001054665,6.363244178,0.9078,12,41.27786071
"COD.6_1",0,0.016816011,6.653972739,0.8637,14,33.80945733
"COD.7_1",0,0.019465291,6.561615864,1.0781,5,33.88815635
"COD.8_1",0,0.482932312,6.480445282,1.0008,4,38.66963163
"COD.9_1",0,0.027424532,6.481477698,1.0159,11,36.29602952
"COG.1_1",0,0.245985848,5.639053455,1.0501,2,36.28787284
"COG.10_1",0,0,5.860613085,0.5229,2,37.93281148
"COG.11_1",1,0.241086361,5.914388552,1.0246,3,33.22773337
"COG.12_1",0,0.000303636,5.067256522,0.8529,10,39.64707805
"COG.2_1",0,0.046747967,6.167001969,0.614,3,40.41634888
"COG.3_1",0,0.057680958,4.946574985,0.602,7,37.88160166
"COG.4_1",0,0.082125834,5.37347452,0.8329,8,43.16736915
"COG.5_1",0,0.013491311,5.617183567,1.0164,4,38.27001627
"COG.6_1",0,0.051653394,5.135162064,1.0385,6,30.42928953
"COG.7_1",0,0.012667784,5.349804133,0.8286,9,41.58028787
"COG.8_1",0,0.05161015,5.507032488,1.0628,5,34.41935955
"COG.9_1",0,0.388158317,5.408222044,1.1219,6,38.23153869
"COL.1_1",1,0.000335843,4.89617122,0.8627,4,45.26840194
"COL.10_1",0,0.012850912,6.155877935,0.6822,2,11.53840564
"COL.11_1",0,0.21411105,6.026384122,0.9726,3,43.08988384
"COL.12_1",1,0.008535051,5.613970388,0.8002,1,44.81529816
"COL.13_1",0,0.02986038,6.235536668,0.883,3,48.85403889
"COL.14_1",1,0.120166179,7.045590465,0.673,5,0.830444289
"COL.15_1",0,0.007036835,4.436153365,0.8285,4,49.31447877
"COL.16_1",1,0.010286864,5.018241102,0.7996,5,50.040242
"COL.17_1",0,0.050533479,6.082640406,0.6301,4,7.835162753
"COL.18_1",1,0.482539872,5.983846577,0.7507,2,46.48930563
"COL.19_1",0,0.138666693,6.075953974,0.9363,2,43.20440205
"COL.2_1",1,0.027373439,6.821475246,0.7514,4,30.80050321
"COL.20_1",1,0.100323536,6.000649956,1.0689,6,46.62458836
"COL.21_1",0,0.015337259,6.246342384,0.8977,1,18.2709226
"COL.22_1",0,0.05259497,6.161582174,0.6415,3,15.46712008
"COL.23_1",1,0.014021155,5.532794605,0.8088,4,38.37147078
"COL.24_1",1,0.019071914,5.774714336,0.6145,1,2.501255862
"COL.25_1",0,0.026618174,6.001193034,0.5802,2,7.437639619
"COL.27_1",1,0.07815172,6.335731726,0.9304,3,27.11486928
"COL.28_1",0,0.326486866,5.939181357,0.7909,2,50.88175083
"COL.29_1",1,0.091723145,6.159476065,0.6066,4,13.74062812
"COL.3_1",0,0.042605823,5.446320481,0.8881,4,45.28103054
"COL.30_1",1,0.046151907,6.671777793,0.7265,2,21.81010703
"COL.31_1",0,0.002887365,4.661980938,0.7368,4,46.05412929
"COL.32_1",0,0.144438429,4.951841638,1.0352,3,51.90653452
"COL.4_1",1,0.171152388,6.415907349,0.8057,2,50.44659531
"COL.5_1",1,0.124444192,6.308831342,0.9112,2,48.85405763
"COL.6_1",0,0.21016943,6.142515925,0.6108,4,0
"COL.7_1",0,0.010225352,5.99579837,0.5795,4,11.85270776
"COL.8_1",1,0.012681761,5.704627227,0.9436,4,43.52740122
"COL.9_1",0,0.041675399,5.57085338,0.8198,3,49.70088354
"ECU.1_1",0,0.214173722,5.933655817,0.6352,2,0
"ECU.10_1",0,0.103245912,6.63188077,0.941,1,41.66380701
"ECU.11_1",0,0.173806117,5.677347284,0.6149,0,0
"ECU.12_1",0,0.155519105,5.715025758,0.6403,1,11.02070431
"ECU.13_1",0,0.037015276,5.957361623,0.8136,1,40.55402868
"ECU.14_1",0,0.068145002,6.200014696,0.9872,1,37.93798107
"ECU.15_1",0,0.019299868,5.268759299,0.6261,5,19.48139961
"ECU.16_1",0,0.073359732,5.093665413,0.6335,4,0
"ECU.17_1",0,0.003622758,5.196228753,0.8474,3,40.64460076
"ECU.18_1",0,0.000477403,5.026694085,0.7323,4,38.95680637
"ECU.19_1",0,0.118701945,6.49269955,0.7675,1,0
"ECU.2_1",0,0.05191886,5.31829956,0.647,0,0
"ECU.20_1",0,0.54678464,5.569256506,0.6542,1,37.78671019
"ECU.21_1",0,0.004236331,5.692475222,0.8622,1,27.76280518
"ECU.22_1",0,0.010126763,5.334130971,0.9083,3,32.66546577
"ECU.23_1",0,0.141197272,5.767286265,0.7906,1,0
"ECU.24_1",0,0.032167408,5.055827997,0.6219,2,7.132161128
"ECU.3_1",0,0.135789745,5.445087416,0.7143,0,0
"ECU.4_1",0,0.112968713,5.270259403,0.5803,1,0
"ECU.5_1",0,0.170556495,5.722388071,0.6349,1,0
"ECU.6_1",0,0.16933361,5.682932603,0.6212,0,0
"ECU.7_1",0,0.065439895,5.849510693,0.7673,1,28.98418099
"ECU.8_1",0,0.011949175,5.759519608,0.7695,1,38.38240618
"ECU.9_1",0,0.287378433,4.478960431,0.8927,0,32.71096718
"ERI.1_1",0,0.924796748,5.831623884,0.6558,2,0
"ERI.2_1",0,0.154533207,5.787609957,0.6704,2,47.96465412
"ERI.3_1",0,0.016495163,4.961062308,0.6241,1,52.299073
"ERI.4_1",0,0.71374269,5.834893876,0.6291,2,48.51841121
"ERI.5_1",0,0.835931342,5.946103982,0.6016,2,15.13697892
"ERI.6_1",0,0.228623008,5.701135164,0.6324,2,45.2661233
"ETH.1_1",0,0.116324921,6.5991979,0.5836,4,0
"ETH.10_1",0,0.388062638,7.346493728,0.9691,8,24.59508185
"ETH.11_1",0,0.740724347,6.789438819,0.6147,5,28.34847375
"ETH.2_1",0,0.432182861,6.313140679,0.9302,3,50.82626587
"ETH.3_1",0,0.372376915,7.393962071,0.8893,6,11.73931771
"ETH.4_1",0,0.110493092,6.085355562,0.9807,4,41.47408539
"ETH.5_1",0,0.885947452,5.725989131,0.5046,3,25.02271119
"ETH.6_1",0,0.078749136,5.691888511,0.9796,6,49.25487311
"ETH.7_1",0,0.930619266,5.454378095,0.5028,3,12.59420333
"ETH.8_1",0,0.44313833,7.61225281,0.915,8,14.45048806
"ETH.9_1",0,0.386327464,6.818299143,0.7176,5,43.18001457
"GAB.1_1",1,0.000837449,6.018650709,0.6351,8,41.84359955
"GAB.2_1",0,0.223169248,5.465704687,0.8333,7,36.23237888
"GAB.3_1",0,0.000838243,4.910059586,0.9114,8,42.13018993
"GAB.4_1",1,0.000767878,5.073283813,0.826,7,36.75553606
"GAB.5_1",0,0.010008226,4.814423964,0.9871,7,38.72243652
"GAB.6_1",0,0.000564556,4.875106879,0.6536,10,37.16545485
"GAB.7_1",1,0.000161974,4.888235375,0.6938,9,37.54934184
"GAB.8_1",0,0.00472789,5.265759298,0.8545,7,42.48081316
"GAB.9_1",1,7.4e-05,5.259017532,0.6233,9,35.11086716
"GHA.1_1",0,0.013224267,6.768195987,0.7902,9,47.60938407
"GHA.10_1",0,0.000934191,6.456353159,0.5765,7,48.69006728
"GHA.2_1",0,0.214348629,6.444299493,0.9843,10,50.51536051
"GHA.3_1",0,0.006011315,6.431187429,0.6693,7,47.67868644
"GHA.4_1",0,0.078848805,6.491831525,0.9415,11,47.46513155
"GHA.5_1",0,0.630048465,6.683677804,0.6413,8,49.17466725
"GHA.6_1",1,0.675786943,6.476930153,1.029,5,51.6960619
"GHA.7_1",1,0.224782736,6.104834023,0.9937,4,52.16046829
"GHA.8_1",1,0.966174184,5.924234648,0.9105,3,51.360026
"GHA.9_1",0,0.330682147,6.401513099,0.9008,7,50.76544343
"GIN.1_1",1,0.054474325,6.10668803,0.7469,8,49.68055123
"GIN.2_1",0,0.048720472,6.286164345,0.4642,6,51.85834163
"GIN.3_1",1,0.039847405,6.048602158,0.8174,7,38.30483135
"GIN.4_1",1,0.244772999,6.365348984,0.9546,4,42.31274684
"GIN.5_1",1,0.007547417,6.261431973,0.8521,8,50.12431228
"GIN.6_1",1,0.095142554,6.074052303,0.8165,4,39.641989
"GIN.7_1",1,0.009144042,5.940353689,0.8529,6,36.92742464
"GIN.8_1",0,0.003535225,6.274657668,1.0159,10,36.46612827
"GMB.1_1",0,0.111413043,5.665749367,0.4815,5,40.87297474
"GMB.2_1",0,0.510410883,5.004834898,0.8176,4,47.96740232
"GMB.3_1",0,0.456542568,5.435460754,0.5301,4,49.04696145
"GMB.4_1",0,0.346315982,5.425983702,0.5209,4,46.98060879
"GMB.5_1",0,0.731352214,5.478946539,0.7045,3,46.75836918
"GMB.6_1",0,0.429657336,5.942155166,0.4821,5,41.78467003
"GNB.1_1",0,0.04321076,5.452948752,0.6038,8,46.05434681
"GNB.2_1",0,0.199166667,5.089891245,0.7202,7,44.02796996
"GNB.3_1",0,0.443298969,5.62412395,0.3379,7,44.23279314
"GNB.4_1",0,0.019693654,4.612589192,0.554,2,43.64006852
"GNB.5_1",0,0.160131579,5.392610179,0.8525,7,44.19665942
"GNB.6_1",0,0.026495569,5.424482931,0.5424,6,46.05461787
"GNB.7_1",0,0.084820067,5.452643575,0.683,7,44.93690749
"GNB.8_1",0,0.086603614,4.906813658,0.6422,8,45.31582544
"GNB.9_1",0,0.084273798,5.109799965,0.6495,8,46.84409622
"GNQ.2_1",0,0.004341534,5.511840733,0.563,3,26.36052239
"GNQ.3_1",0,0.012390213,4.424859164,0.5866,5,21.86135522
"GNQ.4_1",0,0.000101616,5.184200993,0.5827,8,28.09600467
"GNQ.5_1",0,0.000246914,5.309297902,0.5401,8,32.59089539
"GNQ.6_1",0,0.001388397,5.589610675,0.6049,8,39.03321597
"GNQ.7_1",0,3.6e-05,5.315537258,0.5746,8,30.26080026
"GUF.1_1",1,0.001853073,5.268877166,0.7991,3,45.55350237
"GUF.2_1",1,0.001447633,4.987711355,0.6903,3,46.2779032
"GUY.1_1",0,0.002128029,4.470503874,0.5099,2,47.40046406
"GUY.10_1",0,0.183727985,4.426883691,0.6978,3,49.27571514
"GUY.2_1",0,0.008025646,4.294710962,0.7618,2,42.06606989
"GUY.3_1",0,0.019548569,5.532992322,0.5672,2,48.40699902
"GUY.4_1",0,0.004835426,4.993974142,0.8665,3,49.89555872
"GUY.5_1",0,0.016481386,5.017332081,0.5519,2,48.00549348
"GUY.6_1",0,0.022780004,4.745385725,0.5763,2,49.2756014
"GUY.7_1",0,0.010551832,4.677970563,0.5781,2,49.00576359
"GUY.8_1",0,0.050521843,4.041501382,0.6096,2,42.1496266
"GUY.9_1",0,0.020600451,4.651885142,0.5818,2,48.34555959
"KEN.1_1",1,0.543584489,5.842616928,0.575,5,21.78083804
"KEN.10_1",0,0.985533419,5.957648288,0.6304,6,22.45060242
"KEN.11_1",1,8.76e-05,6.280048367,0.5809,6,20.20337408
"KEN.12_1",0,0.036935591,5.996215441,0.5924,8,4.512084843
"KEN.13_1",0,0.40778074,6.322144818,0.5884,5,1.050945573
"KEN.14_1",1,0.541285956,6.169295763,0.7578,4,44.20224962
"KEN.15_1",0,0.278356481,5.848094413,0.6967,5,8.548502381
"KEN.16_1",0,0.00016129,6.183085129,0.543,6,10.61880003
"KEN.17_1",1,0.228938907,6.116269648,0.5582,7,29.15433174
"KEN.18_1",0,0.980819364,6.129519229,0.6883,3,37.73102562
"KEN.19_1",1,0.875931408,5.936705917,0.5996,4,40.76913582
"KEN.2_1",0,0.277937996,5.988007328,0.601,5,1.400224172
"KEN.20_1",0,0.924766858,5.727756293,0.5898,6,3.88e-06
"KEN.21_1",0,0.095394737,5.094737689,0.731,3,47.89416964
"KEN.22_1",0,0.981486716,6.160127204,0.6573,4,17.9023876
"KEN.23_1",0,0.955577003,6.082755811,0.6154,4,27.57153137
"KEN.24_1",0,0.688346076,6.128156835,0.6333,2,50.50718926
"KEN.25_1",0,0.621159804,5.564107533,0.6916,3,48.29864775
"KEN.26_1",0,0.613005745,6.259310442,0.6116,4,13.60729938
"KEN.27_1",0,0.531542368,6.090628355,0.6629,4,21.94060294
"KEN.28_1",0,0.478706625,6.092755317,0.4592,4,48.07753489
"KEN.29_1",0,0.208150523,6.096397869,0.5859,5,5.167474814
"KEN.3_1",0,0.104216579,6.326402253,0.5873,7,9.226353193
"KEN.30_1",1,0.582934132,6.629115738,0.5983,5,9.830096094
"KEN.31_1",0,0.566993837,6.332467245,0.6207,7,0
"KEN.32_1",0,0.015959048,6.003568053,0.5963,6,5.687152375
"KEN.33_1",0,0.740689344,6.063841505,0.5844,5,0.682450777
"KEN.34_1",0,0.003574833,5.91213811,0.5923,6,6.63058849
"KEN.35_1",0,0.368954248,5.903324612,0.6042,5,0
"KEN.36_1",0,0.32039271,5.960317903,0.5874,6,0
"KEN.37_1",0,0.87956465,5.469594964,0.6027,3,24.59373772
"KEN.38_1",0,0.081521739,6.051296485,0.466,4,28.24959902
"KEN.39_1",0,0.974724538,5.580036047,0.6433,3,35.73003026
"KEN.4_1",1,0.006993836,5.998361406,0.4987,6,28.57721963
"KEN.40_1",0,0.908082867,5.547007188,0.6391,4,48.53605634
"KEN.41_1",0,0.558975642,5.672263585,0.8073,4,24.68058291
"KEN.42_1",1,0.237967452,6.044542257,0.5728,8,3.065705212
"KEN.43_1",0,0.565672291,6.052106751,0.6181,4,50.05224225
"KEN.44_1",0,0.566379955,6.089169051,0.5511,6,0
"KEN.45_1",0,0,5.870771435,0.5417,6,17.76525351
"KEN.46_1",0,0.806238306,5.941477287,0.7967,3,51.82614647
"KEN.47_1",0,0.792408306,5.849711681,0.569,4,20.63533154
"KEN.5_1",0,0.205022831,5.645540384,0.5787,6,1.678278339
"KEN.6_1",0,0.690429392,5.838097502,0.6056,5,20.37142061
"KEN.7_1",0,0.791811965,5.907751688,0.6744,3,51.21843784
"KEN.8_1",0,0.147489923,6.103259921,0.5254,4,26.19802133
"KEN.9_1",0,0.631660783,5.29414826,0.5831,4,46.38294827
"LBR.1_1",0,0.001002406,5.208304507,0.8629,7,45.67990847
"LBR.10_1",0,0.00127451,5.260017352,0.5588,7,43.00285386
"LBR.11_1",0,0.001877934,6.16606781,0.5322,7,45.53505789
"LBR.12_1",0,0.000730161,5.822607328,0.6704,8,44.70913921
"LBR.13_1",0,0.000120987,4.958337603,0.8921,7,45.69138445
"LBR.14_1",0,0.000103008,5.064962529,0.6065,7,46.2049383
"LBR.15_1",0,0.000295186,5.114771323,0.7271,7,45.81248401
"LBR.2_1",0,0.001190114,5.642985684,0.7772,8,45.08049
"LBR.3_1",0,0,5.041547987,0.9136,8,48.36832131
"LBR.4_1",0,0.000470246,5.243849407,0.6818,7,47.27465615
"LBR.5_1",1,0.000283768,5.478114275,0.6556,8,44.87072878
"LBR.6_1",0,8.32e-05,5.213101,0.517,8,47.13329072
"LBR.7_1",0,0.00069735,4.883159791,0.7117,7,42.08740704
"LBR.8_1",0,0.000929598,5.573100544,0.7868,9,41.48307768
"LBR.9_1",0,0.000304229,5.566119003,0.7673,7,45.95729088
"MLI.1_1",0,0.249137931,6.373798921,0.466,3,50.04358513
"MLI.2_1",0,0.155962555,5.856457146,0.879,2,50.89093706
"MLI.3_1",0,0.837641484,6.414062099,1.0294,4,49.97825708
"MLI.4_1",0,0.002775522,4.946013538,0.8673,1,49.22766304
"MLI.5_1",0,0.977447616,6.506125677,0.8966,3,46.60117807
"MLI.6_1",0,0.970414291,6.428337656,0.7838,3,49.81725017
"MLI.7_1",0,0.983193192,6.486897177,0.7815,3,45.97807267
"MLI.8_1",0,0.924114374,6.538867141,0.8642,3,45.22873071
"MLI.9_1",0,0.081141223,5.952517651,0.9426,1,50.60389413
"MRT.1_1",0,0.000108855,4.88641961,0.9365,0,50.73013124
"MRT.10_1",0,0,6.069302003,0.8397,0,41.50317416
"MRT.11_1",0,0.010078249,5.011259116,0.9429,1,50.99297445
"MRT.12_1",0,1.12e-05,4.816180167,0.8914,0,48.95151316
"MRT.13_1",0,0.263190702,5.513961528,0.9277,2,49.06227063
"MRT.2_1",0,0.730997991,5.598572035,0.8868,2,50.7744734
"MRT.3_1",0,0.435615949,5.596806232,0.8495,3,52.0225041
"MRT.4_1",0,0,5.169229479,0.7985,0,32.69499536
"MRT.5_1",0,0.815851406,5.649384295,0.7408,3,52.26601307
"MRT.6_1",0,0.96359561,5.52291828,0.843,3,51.70123877
"MRT.7_1",0,0.234476255,5.722920229,1.0257,1,51.94566405
"MRT.8_1",0,0.720148584,5.588162787,0.8446,1,51.06956957
"MRT.9_1",0,0.000301563,4.377197243,0.9439,0,44.16803
"NER.1_1",0,0.004414545,5.804718332,1.0671,1,40.57192932
"NER.2_1",0,0.18931648,5.899837851,1.0047,3,45.39430011
"NER.3_1",0,0.479950305,6.421810882,0.7119,3,52.1455358
"NER.4_1",0,0.281043134,6.651909846,0.7629,3,47.934246
"NER.5_1",0,0.796450939,6.134900233,0.6689,3,51.94129857
"NER.6_1",0,0.502185416,6.637177422,0.8113,3,50.24315023
"NER.7_1",0,0.660448137,6.548420414,0.7609,3,51.68967371
"NER.8_1",0,0.358383789,6.667150022,0.9564,3,47.06094581
"NGA.1_1",1,0.02081448,6.567685074,0.5735,4,48.80783029
"NGA.10_1",1,0.008441525,6.731718711,0.8825,4,49.69391926
"NGA.11_1",0,0.075041175,6.435573022,0.7086,6,51.51486516
"NGA.12_1",0,0.009584976,6.630188656,0.9913,7,48.23465445
"NGA.13_1",0,0.001090821,6.472929195,0.6256,6,43.521484
"NGA.14_1",0,0.305874242,6.636325537,0.5751,7,48.84944596
"NGA.15_1",0,0.087199954,6.539274002,0.5664,5,48.62736988
"NGA.16_1",0,0.711541131,6.517912973,0.6242,3,42.15051661
"NGA.17_1",1,0.00709362,6.716416055,1.0903,4,48.86164881
"NGA.18_1",0,0.421506273,6.751193724,0.917,3,46.1803623
"NGA.19_1",1,0.556213944,6.895524687,0.8721,4,40.12672091
"NGA.2_1",0,0.320575756,6.580945133,0.7365,4,45.66150668
"NGA.20_1",0,0.002261453,7.090407594,0.6554,3,43.01382393
"NGA.21_1",0,0.004044053,6.877473896,0.8628,3,42.33751956
"NGA.22_1",0,0.819812901,6.670316967,0.8202,3,49.51629822
"NGA.23_1",0,0.102952796,6.640403863,0.9842,5,47.73204126
"NGA.24_1",0,0.215184973,6.506315163,0.9225,5,48.59774134
"NGA.25_1",0,0.025084364,7.275401502,0.72,3,50.4019035
"NGA.26_1",0,0.836317177,6.430437131,0.9186,5,48.9594176
"NGA.27_1",0,0.584763999,6.722998657,0.9511,5,49.15893881
"NGA.28_1",1,0.032825616,6.749329678,0.7295,8,50.92774526
"NGA.29_1",0,0.000336553,6.617019127,0.5894,7,48.35663031
"NGA.3_1",0,0.146301231,6.717032984,0.5894,4,48.70265145
"NGA.30_1",1,0.00269337,6.682421439,0.6163,5,48.32830872
"NGA.31_1",1,0.002656617,6.87072108,0.7458,6,49.10291458
"NGA.32_1",1,0.185353921,6.621604013,0.81,4,42.98537401
"NGA.33_1",0,0.029216567,6.833551902,1.0376,5,49.01013589
"NGA.34_1",0,0.515961634,6.72911445,0.7304,3,50.91180881
"NGA.35_1",0,0.298683785,6.484602287,1.0379,6,45.79867418
"NGA.36_1",0,0.96430928,6.582248625,0.833,3,41.77308489
"NGA.37_1",0,0.674577957,6.615349598,0.7238,3,45.87023984
"NGA.4_1",0,0.178313588,6.727318943,0.9193,6,50.81617953
"NGA.5_1",0,0.490904108,6.824534055,0.9233,3,42.22081933
"NGA.6_1",0,0.000436148,6.320649312,1.0226,7,49.14473828
"NGA.7_1",0,0.023214431,6.749843734,0.9307,4,48.99090743
"NGA.8_1",0,0.579815412,6.78629229,0.8889,3,43.96176753
"NGA.9_1",0,0.01592961,6.587639354,0.7118,8,49.42747754
"PER.1_1",0,0.052059804,5.643767005,0.6958,6,19.22725012
"PER.10_1",0,0.36311893,5.950337852,0.8055,5,0
"PER.11_1",0,0.101717991,5.919014207,0.6115,0,0.2694331
"PER.12_1",0,0.409696156,6.155023234,0.8229,3,0
"PER.13_1",1,0.604876252,6.276420606,0.6615,0,0
"PER.14_1",1,0.432526673,6.115120151,0.6481,0,27.596737
"PER.15_1",1,0.045151797,6.945465922,0.5674,0,9.205327974
"PER.16_1",1,0.618645715,5.99203034,0.7152,0,0
"PER.17_1",1,0.003515357,6.017743025,0.9236,7,45.07875547
"PER.18_1",1,0.009931493,5.102067713,0.8573,7,35.583459
"PER.19_1",0,0.172308892,5.273564454,0.7066,0,0
"PER.2_1",0,0.678424553,6.094289418,0.8391,0,0
"PER.20_1",0,0.27140901,5.51492326,0.8818,5,0
"PER.21_1",1,0.41708364,6.290276911,0.8083,0,25.04117717
"PER.22_1",0,0.650739509,6.170972939,0.7923,4,0
"PER.23_1",1,0.052775484,5.929726896,0.9105,6,21.70052058
"PER.24_1",0,0.055777247,5.528648267,0.6694,0,0
"PER.25_1",1,0.60964509,5.369571509,0.6194,1,36.64302995
"PER.26_1",1,0.01058841,5.703671382,0.8621,7,41.78011897
"PER.3_1",0,0.959268504,5.675248449,0.6264,0,0
"PER.4_1",0,0.304481215,6.129306779,0.8507,0,0
"PER.5_1",0,0.731479717,5.867206517,0.6684,0,0
"PER.6_1",1,0.474927701,6.210483376,0.6317,0,0
"PER.7_1",0,0.037433155,6.014097114,0.5406,0,15.31730119
"PER.8_1",1,0.448907255,6.136694653,0.6457,5,0
"PER.9_1",0,0.889964158,5.726301912,0.6795,0,0
"PRY.1_1",0,0.051719159,4.28961,1.2572,1,38.22827978
"PRY.10_1",1,0.066921104,5.381684,0.6583,1,32.03534782
"PRY.11_1",0,0.003144654,5.485344,0.5286,1,27.24419762
"PRY.12_1",0,0.008937588,5.373015,0.4664,1,22.39230227
"PRY.13_1",0,0.002648533,5.790767,0.6159,1,21.12036318
"PRY.14_1",0,0.012618499,5.143914,0.693,1,27.49264385
"PRY.15_1",0,0.000700794,5.009548,0.7263,1,28.7199863
"PRY.16_1",0,0.014607089,5.481351,0.7228,1,24.78845653
"PRY.17_1",0,0.100495299,5.028125,1.0332,1,32.99323462
"PRY.18_1",0,0.059560777,5.628995,0.9972,1,26.23290754
"PRY.2_1",0,0.011493624,5.874027,0.8088,1,17.66718079
"PRY.3_1",1,0.20830452,5.224797,0.5775,1,24.72203457
"PRY.4_1",1,0,5.831498,0.5611,2,32.25579436
"PRY.5_1",0,0.113003283,4.781165,1.0507,1,33.00725162
"PRY.6_1",1,0.015085429,5.77771,1.1897,1,22.09902837
"PRY.7_1",0,0.003843058,5.270616,0.914,1,21.09120682
"PRY.8_1",0,0.091641543,5.279335,0.8357,1,20.27822851
"PRY.9_1",1,0.014200899,6.262116,0.386,2,29.53854267
"RWA.1_1",0,0.089374836,6.308216,0.7703,6,0.017616173
"RWA.2_1",0,0.159585901,6.480525,0.6219,7,8.767803395
"RWA.3_1",0,0.586498556,6.482227,0.8568,4,17.00083985
"RWA.4_1",0,0.03092182,6.460748,0.7415,8,1.581700118
"RWA.5_1",0,0.228209658,6.120744,0.5854,4,15.99395466
"SDN.1_1",0,0.704703595,6.688523,0.5816,3,50.98167939
"SDN.10_1",0,0.003275116,5.975138,0.9289,0,41.62984724
"SDN.11_1",1,0.005930555,6.272175,0.7499,0,45.71922127
"SDN.12_1",0,0.015965459,6.180898,0.8156,1,49.99222281
"SDN.13_1",0,0.685012097,6.233662,0.6649,3,51.83150961
"SDN.14_1",0,0.823037119,6.513751,1.0118,3,42.67552177
"SDN.15_1",0,0.890746336,6.1221,0.8153,3,50.27633066
"SDN.16_1",0,0.956571565,5.87866,0.7803,3,35.74371931
"SDN.17_1",0,0.9521249,6.346564,1.0556,3,48.3030782
"SDN.18_1",0,0.840521011,6.354979,0.8168,3,51.21689616
"SDN.2_1",0,0.664829718,6.287761,0.9534,3,52.2164351
"SDN.3_1",0,0.678734929,6.047999,0.8958,3,51.73755834
"SDN.4_1",0,0.960413526,6.051363,0.8399,3,28.81223909
"SDN.5_1",0,0.96717826,6.319612,0.9937,3,48.75588699
"SDN.6_1",0,0.350787963,6.366317,0.6347,1,51.85486656
"SDN.7_1",0,0.107824836,6.854415,0.7194,2,50.77297537
"SDN.8_1",0,0.198047293,6.459918,0.9735,2,35.96710878
"SDN.9_1",0,0.30174506,6.382986,0.8885,2,46.70657833
"SEN.1_1",1,0.646079882,6.556862,0.6211,2,37.08767535
"SEN.10_1",1,0.951037495,6.029897,0.7573,3,47.22974974
"SEN.11_1",1,0.55116595,5.734376,0.5032,6,45.83214429
"SEN.12_1",1,0.933131642,5.906111,0.7519,3,51.01637352
"SEN.13_1",1,0.740747664,6.321504,0.6715,2,37.68399881
"SEN.14_1",1,0.360919084,5.816903,0.8939,7,42.7463995
"SEN.2_1",1,0.443487896,6.247173,0.6925,2,45.29649586
"SEN.3_1",1,0.550145349,5.930619,0.6674,3,45.07376792
"SEN.4_1",1,0.568978798,5.833053,0.6768,3,48.71744665
"SEN.5_1",1,0.380687023,6.058769,0.6356,3,48.74277824
"SEN.6_1",1,0.903802553,5.267266,0.6848,3,51.70679766
"SEN.7_1",0,0.797248732,5.889479,0.6567,4,46.5222208
"SEN.8_1",1,0.992908927,6.019063,0.7519,3,45.36374199
"SEN.9_1",1,0.977484793,5.797784,0.8775,3,51.44896976
"SLE.1_1",0,0.004333549,6.252323,0.9224,9,43.87507402
"SLE.2_1",0,0.0005807,6.433994,0.9712,10,47.12476476
"SLE.3_1",0,0.007592671,6.195564,0.9576,8,49.13767126
"SLE.4_1",0,0.009149941,6.197872,0.8465,7,45.08204476
"SOM.1_1",0,0.064179104,5.914179,0.6516,1,49.62912015
"SOM.10_1",0,0.894382656,5.770899,0.8167,2,52.10572768
"SOM.11_1",0,0.301824647,5.939275,0.8554,0,48.4035169
"SOM.12_1",0,0.059361965,5.67969,0.7381,0,40.17571993
"SOM.13_1",0,0.03066887,5.820329,0.7519,0,24.52726259
"SOM.14_1",0,0.841684435,5.797103,0.691,2,51.80200435
"SOM.15_1",0,0.942580893,6.164581,0.7552,3,50.49042596
"SOM.16_1",0,0.037871882,5.600662,0.7156,0,31.19164984
"SOM.17_1",0,0.081488772,5.956033,0.6866,1,26.85869033
"SOM.18_1",0,0.071535168,6.176324,0.6842,1,36.85246015
"SOM.2_1",0,0.581277321,5.648738,0.5957,2,51.15516194
"SOM.3_1",0,0.751116071,6.300218,0.6439,1,50.95519884
"SOM.4_1",0,0.031292404,5.937348,0.7248,0,45.57707521
"SOM.5_1",0,0.848614705,5.984428,0.6024,2,52.14584638
"SOM.6_1",0,0.413480582,5.864763,0.8446,0,51.29972971
"SOM.7_1",0,0.695398767,5.792835,0.869,4,52.08410105
"SOM.8_1",0,0.5384241,5.799745,0.7099,2,52.34635142
"SOM.9_1",0,0.897423642,5.645398,0.7242,3,52.13231349
"SSD.1_1",0,0.233277445,6.185226,0.9368,6,49.4149737
"SSD.10_1",0,0.001195928,5.910838,1.0421,6,46.16532869
"SSD.2_1",0,0.757940419,6.071014,0.8932,8,49.69261977
"SSD.3_1",0,0.476263278,6.230662,0.9439,3,51.55833023
"SSD.4_1",0,0.160112971,5.958423,0.8454,4,49.80954378
"SSD.5_1",0,0.757771511,6.040547,1.0171,3,49.1026679
"SSD.6_1",0,0.550225773,5.934695,0.8585,3,50.66579009
"SSD.7_1",0,0.682506677,6.14304,1.1008,3,52.33992237
"SSD.8_1",0,0.704345311,6.089902,1.0075,4,50.88004153
"SSD.9_1",0,0.267527374,5.421829,0.9925,5,44.26936571
"SUR.1_1",0,0.003374447,4.221597,0.7663,3,50.13699505
"SUR.10_1",0,0.104743083,5.055783,0.4836,2,49.91114568
"SUR.2_1",0,0.045255602,4.456284,0.7645,2,49.62185211
"SUR.3_1",0,0.048994387,3.54777,0.5584,2,50.57880939
"SUR.4_1",0,0.011295861,4.262523,0.6337,2,49.68763811
"SUR.5_1",0,0.073769841,4.748,0.561,3,50.48279627
"SUR.6_1",0,0.013432836,4.413977,0.523,2,49.7595732
"SUR.7_1",0,0.166230366,5.400283,0.5437,2,50.16646063
"SUR.8_1",0,0.02578125,4.264363,0.5152,2,49.99388053
"SUR.9_1",0,0.002552519,4.638988,0.6153,3,49.09987171
"TCD.1_1",0,0.380874554,5.556694,0.9374,3,51.81386575
"TCD.10_1",0,0.535857825,5.794592,0.8273,3,46.96531956
"TCD.11_1",0,0.532602437,5.921994,0.5995,4,48.11679204
"TCD.12_1",0,0.419770927,6.088368,0.6973,4,47.23097695
"TCD.13_1",0,0.50726448,5.941617,0.7161,4,48.29202384
"TCD.14_1",0,0.514193308,6.024129,0.9233,3,51.44755842
"TCD.15_1",0,0.34843487,5.886079,0.8203,4,51.00068739
"TCD.16_1",0,0.787531289,5.917301,0.9638,4,49.89299388
"TCD.17_1",0,0.903238657,6.004595,0.734,3,49.80229021
"TCD.18_1",0,0.785626376,5.629271,1.0229,3,49.10483201
"TCD.19_1",0,0.645604653,5.616568,0.8792,3,47.35990913
"TCD.2_1",0,0.773393047,5.862049,0.9253,3,52.27464745
"TCD.20_1",0,0.723487032,5.972385,0.8462,4,50.64020639
"TCD.21_1",0,2.37e-05,4.447516,0.8729,1,25.17175007
"TCD.22_1",0,0.618670886,6.144506,0.556,3,50.05547079
"TCD.23_1",0,0.553771249,5.910149,0.7917,2,47.55496673
"TCD.3_1",0,0.000240788,5.140394,0.9047,1,44.44737812
"TCD.4_1",0,0.356926915,5.935186,0.6923,3,51.2826447
"TCD.5_1",0,0.001755356,4.526122,0.93,0,36.01096966
"TCD.6_1",0,0.000899721,4.884653,1.0209,0,43.66420638
"TCD.7_1",0,0.746263685,5.883588,0.983,3,51.69529669
"TCD.8_1",0,0.842109946,5.897112,0.9551,3,51.69796614
"TCD.9_1",0,0.192674402,5.690025,0.9192,2,49.56731056
"TGO.1_1",0,0.252125144,5.90397,0.9289,5,48.78098369
"TGO.2_1",0,0.794345695,5.990892,0.9172,5,50.88004153
"TGO.3_1",0,0.224664225,6.519537,0.576,5,50.4914502
"TGO.4_1",0,0.207318869,6.24189,0.722,6,49.69759755
"TGO.5_1",0,0.686644826,6.023278,0.7252,3,52.15070522
"TZA.1_1",0,0.878168177,6.33092,0.8075,6,13.9449184
"TZA.10_1",0,0.081973746,6.035061,1.0684,4,35.1263274
"TZA.11_1",0,0.92292993,6.253338,1.0441,3,15.75100855
"TZA.12_1",0,0.674884985,6.33984,0.8263,5,22.32737426
"TZA.13_1",0,0.242159191,6.527234,0.9597,4,20.66890495
"TZA.14_1",0,0.246017031,6.443539,0.9684,4,33.60885808
"TZA.15_1",0,0.206305129,6.201208,0.9382,3,39.82847666
"TZA.16_1",0,0.408922331,6.54318,0.8075,3,25.926953
"TZA.17_1",0,0.218558676,5.943725,0.7964,4,0.194002513
"TZA.18_1",0,0.069337442,5.422564,0.4883,1,43.29837234
"TZA.19_1",0,0.021367521,5.386911,0.4927,1,44.91885567
"TZA.2_1",0,0.765965732,6.737457,0.5502,4,41.9346844
"TZA.20_1",0,0.231518572,6.13376,1.0145,4,42.61967208
"TZA.21_1",0,0.351547447,6.101487,0.9228,3,28.43171934
"TZA.22_1",0,0.015351462,6.237594,0.9286,3,27.21778372
"TZA.23_1",0,0.627537775,6.285078,0.6395,3,31.67374902
"TZA.24_1",0,0.945117793,6.299833,0.6475,4,22.68863914
"TZA.25_1",0,0.721039123,6.235932,0.9411,3,20.49237568
"TZA.26_1",0,0.463043013,6.457141,0.7378,3,30.72317873
"TZA.27_1",0,0.34906119,6.409438,0.8263,6,32.34193614
"TZA.28_1",0,0.029151943,5.389612,0.4913,3,50.31441204
"TZA.29_1",0,0.028297474,5.134596,0.5113,4,50.5282593
"TZA.3_1",0,0.852169807,6.417201,0.8048,3,21.81791939
"TZA.30_1",0,0.029209622,5.859986,0.5246,3,48.96125214
"TZA.4_1",0,0.49880973,6.338303,0.955,3,24.6343982
"TZA.5_1",0,0.610610175,6.073031,0.7525,5,16.31592085
"TZA.6_1",0,0.321383728,6.490559,0.9407,4,17.93079934
"TZA.7_1",0,0.048715222,5.850994,1.0089,4,31.40663288
"TZA.8_1",0,0.01731689,6.426123,0.9759,4,23.18203683
"TZA.9_1",0,0.738180585,6.311859,0.6939,5,21.25403184
"UGA.1_1",0,0.003731343,5.449537,0.7151,4,45.68877502
"UGA.10_1",0,0.005681818,6.077212,0.5162,4,33.13398405
"UGA.11_1",0,0.000920245,5.754431,0.5043,4,27.26807439
"UGA.12_1",0,0.010492923,5.869787,0.709,6,0
"UGA.13_1",1,0.017589118,5.778209,0.5831,11,13.86325211
"UGA.14_1",0,0.002884111,5.414785,0.5373,3,41.2827325
"UGA.15_1",0,0.00128866,4.747536,0.6582,2,21.22114348
"UGA.16_1",0,0.005952381,6.2784,0.5016,4,24.70395541
"UGA.17_1",0,0.00788534,6.066627,0.83,3,36.04183574
"UGA.18_1",0,0.002771817,5.699075,0.7546,9,23.49532826
"UGA.19_1",0,0.0234375,5.536992,0.5538,7,15.57108062
"UGA.2_1",0,0.001177702,6.080699,0.7202,3,38.32438218
"UGA.20_1",0,0.181403941,5.53939,0.6124,8,6.402143663
"UGA.21_1",1,0.062580067,5.953547,0.8338,10,16.67847461
"UGA.22_1",0,0.133653683,5.723542,0.8745,5,39.40491161
"UGA.23_1",0,0.011272545,5.649417,0.8411,3,31.69789393
"UGA.24_1",0,0.007719475,5.985424,0.5734,6,29.56933713
"UGA.25_1",0,0.010462904,5.640915,0.582,6,31.19066839
"UGA.26_1",0,0.004778973,5.536027,0.573,8,0
"UGA.27_1",0,0.035477958,5.638459,0.8579,5,41.59203432
"UGA.28_1",0,0.830579841,5.732641,0.8597,6,32.63634026
"UGA.29_1",0,0.072838768,5.851562,0.5797,4,38.1308494
"UGA.3_1",0,0.010821182,6.169433,0.5163,6,39.24202755
"UGA.30_1",0,0.002085506,5.928612,0.596,7,22.61784453
"UGA.31_1",0,0.000203804,4.017738,0.8514,4,45.35452678
"UGA.32_1",0,0.000105415,4.826983,1.0167,3,24.34206888
"UGA.33_1",0,0.000649888,6.136542,0.8648,3,39.40842608
"UGA.34_1",0,0.004345871,5.898682,0.5767,4,30.23252667
"UGA.35_1",0,0.015060241,6.034807,0.6379,4,20.71059277
"UGA.36_1",0,0.032997543,5.93381,0.9278,5,37.85200203
"UGA.37_1",0,0,5.709364,0.517,0,27.1203947
"UGA.38_1",0,0.04328125,6.101663,0.6066,7,20.40016049
"UGA.39_1",0,0.519220923,6.270554,0.7299,5,15.9226606
"UGA.4_1",0,0.00999474,5.837073,0.4863,4,30.64190299
"UGA.40_1",0,0.820099568,5.545891,0.8396,4,33.80034324
"UGA.41_1",0,0.077119037,5.222938,0.8951,4,49.07239861
"UGA.42_1",0,0.012419146,5.792684,0.8772,4,23.01612052
"UGA.43_1",0,0.000723041,6.091295,0.7872,5,25.22661923
"UGA.44_1",0,0.005165029,6.127737,0.7194,4,24.23398247
"UGA.45_1",0,0.730410858,5.536341,0.6094,5,28.68086785
"UGA.46_1",0,0.101450158,5.343209,0.8013,4,33.93968253
"UGA.47_1",0,0.044034932,5.87474,0.5065,9,30.71984521
"UGA.48_1",0,0.185158201,5.876878,0.6155,5,10.8174483
"UGA.49_1",0,0.000124486,5.697786,0.8678,4,40.20374705
"UGA.5_1",1,0.271770833,5.547966,0.5574,10,29.97233962
"UGA.50_1",0,0.036050492,5.984344,0.515,5,37.65246942
"UGA.51_1",0,0.318190955,5.858645,0.6083,7,15.00706062
"UGA.52_1",0,0.003959276,5.639518,0.6546,6,16.73424081
"UGA.53_1",0,0.112831858,5.477596,0.5729,4,21.94877121
"UGA.54_1",0,0.115159782,5.713551,0.571,7,18.8517763
"UGA.55_1",0,0.023891001,5.868926,0.7428,3,41.94263055
"UGA.56_1",0,0.016203704,5.977535,0.5472,6,34.08264201
"UGA.57_1",1,0.007206208,6.372209,0.5218,4,23.92337104
"UGA.58_1",0,0.006318681,5.766372,0.4913,5,45.08990669
"UGA.6_1",0,0.012233937,6.085409,0.8621,5,17.84333951
"UGA.7_1",0,0.003492433,5.576048,0.4724,6,29.80389962
"UGA.8_1",0,0.003475974,5.973856,0.7985,4,40.28601983
"UGA.9_1",0,0.068283232,5.83799,0.8528,6,34.46375769
"VEN.1_1",0,0.020846636,5.188276,0.8475,4,44.8506869
"VEN.10_1",0,0.64875,3.337945,0.5446,0,50.41046148
"VEN.11_1",1,0.020356234,6.346785,0.601,0,9.155483565
"VEN.12_1",1,0.35453562,5.972049,0.8814,0,44.35111385
"VEN.13_1",1,0.551947685,5.984554,0.9576,0,49.42773458
"VEN.14_1",1,0.402763053,6.295483,0.777,0,28.88120924
"VEN.15_1",1,0.126341608,5.958974,0.6037,2,0
"VEN.16_1",1,0.054000392,6.431636,0.5941,0,38.64050224
"VEN.17_1",1,0.438408425,6.116166,0.9872,0,45.57474758
"VEN.18_1",1,0.553005686,5.705901,0.4881,1,48.99800303
"VEN.19_1",1,0.096024624,5.982872,0.8354,0,49.3582096
"VEN.2_1",1,0.563966253,6.300248,0.8882,0,48.32856206
"VEN.20_1",1,0.073367048,5.969076,0.7301,0,38.02385763
"VEN.21_1",1,0.046587875,6.099465,0.8397,2,24.76668283
"VEN.22_1",1,0.100151231,5.859816,0.5831,2,21.01386939
"VEN.23_1",1,0.016014975,5.545579,0.5819,0,24.15923518
"VEN.24_1",0,0.109505806,5.766641,0.8287,0,35.1566707
"VEN.25_1",1,0.239666961,6.586548,0.8439,2,47.43686328
"VEN.3_1",1,0.299418504,5.527834,0.9974,0,51.85931443
"VEN.4_1",1,0.112926652,6.132081,0.9471,0,31.3765117
"VEN.5_1",1,0.104268948,5.958072,0.9066,0,49.86376412
"VEN.6_1",1,0.149612074,5.856503,0.9387,1,41.9410043
"VEN.7_1",1,0.153004744,6.435921,0.8702,0,33.10926145
"VEN.8_1",1,0.118966521,5.524521,0.9273,0,48.79706154
"VEN.9_1",0,0.031266469,5.195591,0.5781,0,45.7635232
"ZMB.1_1",0,0.158948598,6.290131,1.0804,3,12.59107554
"ZMB.10_1",0,0.641045177,6.051292,1.0029,2,16.69371244
"ZMB.2_1",0,0.056581358,6.422912,0.8545,3,7.171308321
"ZMB.3_1",0,0.287401963,6.298188,0.9008,3,25.38020951
"ZMB.4_1",0,0.018538904,6.094317,0.9639,3,15.43740777
"ZMB.5_1",0,0.179074372,6.453063,0.916,4,22.47843119
"ZMB.6_1",0,0.095167908,6.013124,1.051,5,19.91918648
"ZMB.7_1",1,0.102699337,5.970402,1.1517,4,9.151150784
"ZMB.8_1",0,0.024559871,6.174312,0.95,4,18.16152407
"ZMB.9_1",0,0.616953648,6.322516,0.8684,4,14.37451902
